"30811","30815"
"30845","30844"
"30845","30920"
"30908","30834"
"30908","30909"
"30922","30848"
"30922","30849"
"30922","30923"
"31038","31037"
"31038","31039"
"31221","31232"
"31222","31225"
"31222","31243"
"31222","31245"
"31222","31248"
"31222","31249"
"31222","31259"
"31222","31261"
"31223","31244"
"31226","31250"
"31226","31262"
"31233","31234"
"31235","31236"
"31239","31238"
"31241","31240"
"31241","31242"
"31243","31245"
"31259","31261"
"31296","31295"
"31336","31339"
"31346","31345"
"31349","31348"
"31383","31382"
"31397","31396"
"31440","31439"
"31449","31454"
"31450","31451"
"31472","31471"
"31499","31498"
"31508","31507"
"31585","31584"
"31597","31596"
"31598","31597"
"31607","31611"
"31623","31621"
"31699","31712"
"31729","31730"
"31733","31734"
"31772","31738"
"31780","31840"
"31780","31856"
"31780","31882"
"31782","31841"
"31782","31857"
"31782","31883"
"31794","31845"
"31794","31861"
"31794","31887"
"31827","31829"
"31827","31869"
"31837","31851"
"31837","31877"
"31874","31796"
"31934","31933"
"31938","31976"
"31939","31977"
"31940","31978"
"31941","31979"
"31973","31975"
"31975","31973"
"31987","31989"
"31989","31987"
"32002","32003"
"32008","32021"
"32009","32022"
"32010","32023"
"32011","32024"
"32013","32026"
"32014","32027"
"32016","32029"
"32091","32104"
"32092","32105"
"32093","32102"
"32616","32605"
"32675","32679"
"32678","32673"
"32743","32742"
"32743","32752"
"32743","32753"
"32745","32755"
"32746","32741"
"32746","32751"
"32746","32756"
"32748","32747"
"32748","32757"
"32748","32758"
"32763","32771"
"32767","32775"
"32857","32860"
"32882","32893"
"32918","32917"
"33298","33311"
"33299","33312"
"33364","33268"
"33371","33372"
"33505","33506"
"33515","33511"
"33825","33843"
"33867","33865"
"33939","33938"
"33952","33951"
"33991","33990"
"34021","34020"
"34125","34124"
"34409","34410"
"34451","34452"
"34464","34467"
"34506","34507"
"34621","34619"
"34939","34941"
"34957","34959"
"34959","34957"
"34981","34973"
"34984","34975"
"35258","35283"
"35258","35298"
"35296","35298"
"35308","35311"
"35308","35326"
"35308","35330"
"35310","35328"
"35324","35306"
"35334","35313"
"35343","35344"
"35347","35346"
"35348","35349"
"35349","35348"
"35351","35350"
"35437","35561"
"35441","35565"
"35443","35442"
"35443","35566"
"35443","35567"
"35447","35445"
"35447","35446"
"35447","35569"
"35447","35570"
"35447","35571"
"35449","35240"
"35449","35451"
"35449","35572"
"35449","35574"
"35449","35696"
"35449","35698"
"35449","35740"
"35449","35742"
"35449","35780"
"35449","35793"
"35453","35576"
"35454","35577"
"35459","35458"
"35482","35483"
"35635","35636"
"35689","35688"
"35694","35692"
"35698","35696"
"35702","35703"
"35702","35745"
"35702","35746"
"35708","35707"
"35708","35750"
"35708","35751"
"35856","35857"
"35860","35862"
"36129","36135"
"36129","36141"
"36129","36147"
"36129","36153"
"36583","36595"
"36585","36597"
"36586","36592"
"36586","36598"
"36629","36630"
"36870","36869"
"36871","36868"
"36871","36872"
"36887","36888"
"36906","36885"
"36967","37008"
"36967","37020"
"36967","37032"
"36969","36970"
"36969","37022"
"36969","37034"
"36974","37027"
"36974","37039"
"36975","37016"
"36975","37028"
"36975","37040"
"36978","36977"
"37022","37010"
"37022","37023"
"37022","37034"
"37022","37035"
"37088","37090"
"37226","37227"
"37394","37395"
"37395","37386"
"37409","37415"
"37410","37411"
"37507","37506"
"37513","37515"
"37785","37786"
"37918","37917"
"37933","37932"
"37936","37935"
"37941","37940"
"37942","37943"
"37951","37948"
"37958","37954"
"37973","37972"
"37975","37974"
"37993","37992"
"38004","38003"
"38034","38321"
"38036","38284"
"38037","38036"
"38037","38284"
"38037","38285"
"38042","38290"
"38045","38293"
"38052","38072"
"38054","38074"
"38056","38076"
"38060","38079"
"38162","38161"
"38167","38168"
"38175","38157"
"38180","38179"
"38185","38184"
"38207","38206"
"38304","38303"
"38308","38027"
"38308","38309"
"38318","38031"
"38319","38032"
"38358","38359"
"38425","38426"
"38481","38479"
"38485","38502"
"38490","38508"
"38491","38507"
"38492","38497"
"38492","38509"
"38493","38510"
"38570","38568"
"38581","38598"
"38631","38641"
"38694","38704"
"38700","38691"
"38705","38695"
"38845","38844"
"38850","38843"
"38851","38848"
"38870","38869"
"38998","38996"
"39023","39017"
"39023","39022"
"39047","39041"
"39047","39046"
"39078","39081"
"39083","39082"
"39781","39780"
"39877","39878"
"39878","39877"
"39884","39879"
"39979","39982"
"39980","39976"
"39980","39981"
"39988","39989"
"39996","39997"
"39999","39998"
"40002","40019"
"40004","40020"
"40011","40009"
"40011","40010"
"40011","40015"
"40021","40014"
"40029","40028"
"40030","40053"
"40033","40032"
"40033","40055"
"40034","40050"
"40041","40042"
"40049","40051"
"40052","40057"
"40070","40069"
"40073","40058"
"40113","40197"
"40196","40186"
"40265","40330"
"40295","40293"
"40296","40297"
"40313","40328"
"40321","40322"
"40321","40324"
"40321","40335"
"40321","40336"
"40321","40338"
"40323","40337"
"40337","40323"
"40339","40327"
"40422","40414"
"40532","40531"
"40535","40540"
"40536","40541"
"40537","40526"
"40538","40527"
"40599","40601"
"40619","40618"
"40651","40650"
"40804","40797"
"40812","40808"
"41030","32118"
